ts_iso,session_id,request_id,task_code,step,outcome,ms,http_status,js_mode
2025-12-03T16:10:08.636336617Z,e1c9c1,r_c8aff908,T3_add,success,,7,200,on
2025-12-03T16:10:10.428836304Z,e1c9c1,r_48b5a1a9,T3_add,success,,4,200,on
2025-12-03T16:10:11.429618473Z,e1c9c1,r_9d714eb6,T3_add,success,,5,200,on //p1
2025-12-03T16:10:12.928393716Z,e1c9c1,r_54629c0b,T3_add,success,,13,200,on
2025-12-03T16:10:14.135176321Z,e1c9c1,r_f0ee5c58,T3_add,success,,6,200,on
2025-12-03T16:10:15.706531970Z,e1c9c1,r_91bf7b25,T3_add,success,,6,200,on
2025-12-03T16:19:22.138701660Z,e1c9c1,r_89342fcb,T4_delete,success,,3,200,on
2025-12-03T16:20:57.915968639Z,e1c9c1,r_a853309c,T4_delete,success,,2,200,on
2025-12-03T16:21:14.640163035Z,e1c9c1,r_cc514381,T4_delete,success,,3,200,on //p1
2025-12-03T16:21:38.693017922Z,e1c9c1,r_27eb01bf,T4_delete,success,,3,200,on
2025-12-03T16:22:10.907597617Z,e1c9c1,r_49a5260b,T4_delete,success,,2,200,on
2025-12-03T16:22:26.037952944Z,e1c9c1,r_aa271a51,T4_delete,success,,2,200,on
2025-12-03T16:22:39.182971191Z,e1c9c1,r_06d1f5ac,T0_list,success,,5,200,off
2025-12-03T16:28:14.603077074Z,e1c9c1,r_f0a5930b,T0_list,success,,5,200,off
2025-12-03T16:28:40.588094613Z,e1c9c1,r_c18cc447,T0_list,success,,4,200,off /p1
2025-12-03T16:28:58.471482093Z,e1c9c1,r_7af13850,T0_list,success,,3,200,off
2025-12-03T16:29:12.171480350Z,e1c9c1,r_73dc98c8,T0_list,success,,4,200,off
2025-12-03T16:29:24.375867763Z,e1c9c1,r_01ee0c4c,T0_list,success,,3,200,off
-----------------------------------------------------------------------------
2025-12-03T16:10:08.636336617Z,e1c9c1,r_c8aff908,T3_add,success,,7,200,on 
2025-12-03T16:10:10.428836304Z,e1c9c1,r_48b5a1a9,T3_add,success,,4,200,on 
2025-12-03T16:10:11.429618473Z,e1c9c1,r_9d714eb6,T3_add,success,,5,200,on 
2025-12-03T16:10:12.928393716Z,e1c9c1,r_54629c0b,T3_add,success,,13,200,on 
2025-12-03T16:10:14.135176321Z,e1c9c1,r_f0ee5c58,T3_add,success,,6,200,on 
2025-12-03T16:10:15.706531970Z,e1c9c1,r_91bf7b25,T3_add,success,,6,200,on 
2025-12-03T16:19:22.138701660Z,e1c9c1,r_89342fcb,T4_delete,success,,3,200,on 
2025-12-03T16:20:57.915968639Z,e1c9c1,r_a853309c,T4_delete,success,,2,200,on 
2025-12-03T16:21:14.640163035Z,e1c9c1,r_cc514381,T4_delete,success,,3,200,on 
2025-12-03T16:21:38.693017922Z,e1c9c1,r_27eb01bf,T4_delete,success,,3,200,on 
2025-12-03T16:22:10.907597617Z,e1c9c1,r_49a5260b,T4_delete,success,,2,200,on 
2025-12-03T16:22:26.037952944Z,e1c9c1,r_aa271a51,T4_delete,success,,2,200,on 
2025-12-03T16:22:39.182971191Z,e1c9c1,r_06d1f5ac,T0_list,success,,5,200,off 
2025-12-03T16:28:14.603077074Z,e1c9c1,r_f0a5930b,T0_list,success,,5,200,off 
2025-12-03T16:28:40.588094613Z,e1c9c1,r_c18cc447,T0_list,success,,4,200,off 
2025-12-03T16:28:58.471482093Z,e1c9c1,r_7af13850,T0_list,success,,3,200,off 
2025-12-03T16:29:12.171480350Z,e1c9c1,r_73dc98c8,T0_list,success,,4,200,off 
2025-12-03T16:29:24.375867763Z,e1c9c1,r_01ee0c4c,T0_list,success,,3,200,off 
------------------------------------------------------------------------------
2025-12-07T15:32:25.122888196Z,e1c9c1,r_6186ea2a,T3_add,success,,6,200,on 
2025-12-07T15:33:01.422848107Z,e1c9c1,r_60d34393,T3_add,success,,7,200,on 
2025-12-07T15:33:17.531445806Z,e1c9c1,r_fd2a691b,T3_add,success,,13,200,on 
2025-12-07T15:35:14.075359341Z,e1c9c1,r_6a1fe49b,T0_list,success,,10,200,off
2025-12-07T15:36:20.120752897Z,e1c9c1,r_8af084ce,T0_list,success,,9,200,off
2025-12-07T15:36:41.573028484Z,e1c9c1,r_1d434429,T0_list,success,,10,200,off
2025-12-07T15:44:48.761031252Z,e1c9c1,r_672fc923,T4_delete,success,,2,200,on 
2025-12-07T15:45:15.860441160Z,e1c9c1,r_4400d907,T4_delete,success,,2,200,on 
2025-12-07T15:45:25.714206500Z,e1c9c1,r_cd32810a,T4_delete,success,,2,200,on
2025-12-08T16:23:42.320272255Z,e1c9c1,r_f287a30c,T3_add,success,,7,200,on 
2025-12-08T16:23:55.411343650Z,e1c9c1,r_2418bb10,T3_add,success,,13,200,on 
2025-12-08T16:24:23.054885834Z,e1c9c1,r_b0d16bc6,T3_add,success,,29,200,on 
2025-12-08T16:35:22.670587625Z,e1c9c1,r_502b2bb4,T0_list,success,,8,200,off
2025-12-08T16:35:37.085356078Z,e1c9c1,r_658011b2,T0_list,success,,188,200,off
2025-12-08T16:35:48.932455327Z,e1c9c1,r_4d02b525,T0_list,success,,24,200,off
2025-12-08T16:36:34.971688575Z,e1c9c1,r_89ce87fb,T4_delete,success,,1,200,on 
2025-12-08T16:38:41.110476682Z,e1c9c1,r_8e961066,T4_delete,success,,1,200,on 
2025-12-08T16:38:49.931130433Z,e1c9c1,r_9891e24b,T4_delete,success,,2,200,on 
